-- 测试数据初始化脚本
USE house_rental;

-- 插入角色数据
INSERT INTO sys_role (id, role_name, role_key, remark) VALUES
(1, '系统管理员', 'admin', '系统管理员，拥有所有权限'),
(2, '房东', 'landlord', '房东角色，可以管理房源'),
(3, '租客', 'tenant', '租客角色，可以查看和租赁房源');

-- 插入测试用户
-- 注意：密码都是 '123456' 经过BCrypt加密后的值
-- 使用BCryptPasswordEncoder默认strength=10加密
INSERT INTO sys_user (id, username, password, real_name, user_type, phone, status, deleted) VALUES
(1, 'admin', '$2a$10$dXJ3SW6G7P50lGmMkkmwe.20cQQubK3.HZWzG3YB1tlRy.fqvM/BG', '系统管理员', 1, '13800000001', 1, 0),
(2, 'landlord', '$2a$10$dXJ3SW6G7P50lGmMkkmwe.20cQQubK3.HZWzG3YB1tlRy.fqvM/BG', '张房东', 2, '13800000002', 1, 0),
(3, 'tenant', '$2a$10$dXJ3SW6G7P50lGmMkkmwe.20cQQubK3.HZWzG3YB1tlRy.fqvM/BG', '李租客', 3, '13800000003', 1, 0);

-- 插入用户角色关联
INSERT INTO sys_user_role (user_id, role_id) VALUES
(1, 1), -- admin用户拥有admin角色
(2, 2), -- landlord用户拥有landlord角色
(3, 3); -- tenant用户拥有tenant角色

-- 插入测试日志数据
INSERT INTO sys_log (id, user_id, username, module, action, ip, status, detail, create_time) VALUES
(1001, 1, 'admin', '用户管理', '新增', '127.0.0.1', '成功', '新增用户: test_user', '2023-10-25 10:00:00'),
(1002, 2, 'landlord1', '房源管理', '修改', '192.168.1.10', '成功', '更新房源价格: 2500 -> 2600', '2023-10-25 10:15:00'),
(1003, 1, 'admin', '合同管理', '删除', '127.0.0.1', '失败', '删除合同失败: 权限不足', '2023-10-25 11:30:00'),
(1004, 3, 'tenant1', '系统登录', '登录', '192.168.1.20', '成功', '用户登录成功', '2023-10-25 09:00:00'),
(1005, 1, 'admin', '财务管理', '查询', '127.0.0.1', '成功', '查询本月报表', '2023-10-24 16:00:00');

-- 插入公告数据
INSERT INTO announcement (id, title, content, user_id, user_name, publish_time, status, create_time, update_time) VALUES
(1, '系统维护通知', '尊敬的用户，系统将于本周六晚上22:00至周日凌晨2:00进行维护，期间暂停服务，敬请谅解。', 1, '管理员', '2023-10-25 14:00:00', 1, '2023-10-25 14:00:00', '2023-10-25 14:00:00'),
(2, '房租调整公告', '根据市场情况，从下月起部分房源租金将进行调整，具体调整信息请关注个人通知。', 1, '管理员', '2023-10-25 15:00:00', 1, '2023-10-25 15:00:00', '2023-10-25 15:00:00'),
(3, '节假日放假安排', '春节期间，客服中心将暂停服务，如有紧急情况请拨打24小时热线。', 1, '管理员', '2023-10-25 16:00:00', 1, '2023-10-25 16:00:00', '2023-10-25 16:00:00');

-- 插入房源数据
INSERT INTO house_info (id, landlord_id, title, region_id, address, price, area, room_num, hall_num, floor_no, total_floor, direction, feature_tags, images, description, rent_status, audit_status, create_time) VALUES
(1, 2, '温馨一室一厅', 1, '北京市朝阳区建国路88号', 3500.00, 45.00, 1, 1, 5, 18, '南', '["空调","WiFi","洗衣机","冰箱"]', '["https://example.com/image1.jpg","https://example.com/image2.jpg"]', '交通便利，周边配套齐全，适合上班族居住。', 0, 1, '2023-10-25 10:00:00'),
(2, 2, '宽敞两室一厅', 1, '北京市朝阳区国贸CBD', 5200.00, 75.00, 2, 1, 12, 25, '南北通透', '["空调","WiFi","洗衣机","冰箱","电视"]', '["https://example.com/image3.jpg","https://example.com/image4.jpg"]', '精装修，家具家电齐全，拎包入住。', 0, 1, '2023-10-25 10:00:00'),
(3, 2, '豪华三室两厅', 2, '北京市海淀区中关村', 8000.00, 120.00, 3, 2, 8, 20, '南', '["空调","WiFi","洗衣机","冰箱","电视","沙发","餐桌"]', '["https://example.com/image5.jpg","https://example.com/image6.jpg"]', '学区房，周边有名校，适合家庭居住。', 1, 1, '2023-10-25 10:00:00');

-- 插入租赁合同数据
INSERT INTO lease_contract (id, contract_no, house_id, landlord_id, tenant_id, start_date, end_date, sign_date, rent_amount, deposit_amount, pay_period, contract_file_url, status, remark, create_time) VALUES
(1, 'CONTRACT20231025001', 1, 2, 3, '2023-10-01', '2024-09-30', '2023-09-28', 3500.00, 7000.00, 1, 'https://example.com/contract/1.pdf', 1, '首次租赁，租客信用良好', '2023-09-28 10:00:00'),
(2, 'CONTRACT20231025002', 2, 2, 3, '2023-11-01', '2024-10-31', '2023-10-20', 5200.00, 10400.00, 1, 'https://example.com/contract/2.pdf', 0, '待签署合同', '2023-10-20 14:30:00'),
(3, 'CONTRACT20231025003', 3, 2, 3, '2023-12-01', '2024-11-30', '2023-11-15', 8000.00, 16000.00, 3, 'https://example.com/contract/3.pdf', 2, '季度付款，已到期', '2023-11-15 09:15:00');

-- 插入报修工单数据
INSERT INTO repair_order (id, house_id, tenant_id, title, content, images, status, result_feedback, process_log, create_time, update_time) VALUES
(1, 1, 3, '厨房水龙头漏水', '厨房水龙头持续漏水，需要更换密封圈', '["https://example.com/repair/1_1.jpg","https://example.com/repair/1_2.jpg"]', 2, '已更换水龙头密封圈，漏水问题解决', '[{"time": "2023-10-26 09:00:00", "action": "房东接单"}, {"time": "2023-10-26 10:30:00", "action": "已安排维修师傅"}, {"time": "2023-10-26 14:00:00", "action": "维修完成"}]', '2023-10-26 08:30:00', '2023-10-26 14:00:00'),
(2, 2, 3, '客厅空调不制冷', '客厅空调开启后不制冷，疑似缺少制冷剂', '["https://example.com/repair/2_1.jpg"]', 1, '正在联系专业维修人员', '[{"time": "2023-10-27 10:00:00", "action": "房东接单"}, {"time": "2023-10-27 11:00:00", "action": "联系维修公司"}]', '2023-10-27 09:15:00', '2023-10-27 11:00:00'),
(3, 1, 3, '卫生间排风扇故障', '卫生间排风扇无法启动，需要检修', '["https://example.com/repair/3_1.jpg","https://example.com/repair/3_2.jpg","https://example.com/repair/3_3.jpg"]', 0, NULL, '[{"time": "2023-10-28 14:20:00", "action": "提交报修申请"}]', '2023-10-28 14:15:00', '2023-10-28 14:15:00'),
(4, 3, 3, '卧室门锁损坏', '卧室门锁转动不灵活，钥匙难以插入', '["https://example.com/repair/4_1.jpg"]', 2, '已更换门锁，可正常使用', '[{"time": "2023-10-29 08:00:00", "action": "房东接单"}, {"time": "2023-10-29 15:00:00", "action": "维修完成"}]', '2023-10-29 07:45:00', '2023-10-29 15:00:00'),
(5, 2, 3, '阳台窗户滑轮损坏', '阳台推拉窗滑轮损坏，窗户难以开关', '["https://example.com/repair/5_1.jpg","https://example.com/repair/5_2.jpg"]', 3, '租客自行解决', '[{"time": "2023-10-30 10:00:00", "action": "房东接单"}, {"time": "2023-10-30 10:15:00", "action": "评估维修成本较高，建议租客自行处理"}]', '2023-10-30 09:30:00', '2023-10-30 10:15:00');

-- 插入租金账单数据
INSERT INTO rent_bill (id, contract_id, tenant_id, landlord_id, period_desc, bill_amount, due_date, pay_status, pay_time, reminder_count, last_remind_time, create_time) VALUES
(1, 1, 3, 2, '2023年10月租金', 3500.00, '2023-10-30', 1, '2023-10-28 10:00:00', 0, NULL, '2023-10-01 00:00:00'),
(2, 1, 3, 2, '2023年11月租金', 3500.00, '2023-11-30', 1, '2023-11-25 14:30:00', 0, NULL, '2023-11-01 00:00:00'),
(3, 1, 3, 2, '2023年12月租金', 3500.00, '2023-12-30', 1, '2023-12-28 09:15:00', 0, NULL, '2023-12-01 00:00:00'),
(4, 1, 3, 2, '2024年1月租金', 3500.00, '2024-01-30', 0, NULL, 1, '2024-01-30 10:00:00', '2024-01-01 00:00:00'),
(5, 1, 3, 2, '2024年2月租金', 3500.00, '2024-02-28', 2, NULL, 3, '2024-02-29 15:00:00', '2024-02-01 00:00:00'),
(6, 3, 3, 2, '2023年12月租金', 8000.00, '2023-12-30', 1, '2023-12-25 16:20:00', 0, NULL, '2023-12-01 00:00:00'),
(7, 3, 3, 2, '2024年1-3月租金', 24000.00, '2024-03-30', 1, '2024-01-15 11:45:00', 0, NULL, '2024-01-01 00:00:00'),
(8, 3, 3, 2, '2024年4-6月租金', 24000.00, '2024-06-30', 0, NULL, 0, NULL, '2024-04-01 00:00:00');

-- 覆盖所有已配置的区级区域，批量插入房源数据
-- 统一房东ID=2，审核通过，未租，简化配套字段
INSERT INTO house_info (id, landlord_id, title, region_id, address, price, area, room_num, hall_num, floor_no, total_floor, direction, feature_tags, images, description, rent_status, audit_status, create_time) VALUES
-- 北京市各区
(1001, 2, '北京东城·精装一居', 110101, '北京市东城区XX路88号', 4200.00, 45.00, 1, 1, 6, 18, '南', '["空调","WiFi"]', '["https://example.com/bj-dc-1.jpg"]', '地铁附近，生活便利', 0, 1, '2024-01-05 10:00:00'),
(1002, 2, '北京西城·温馨一居', 110102, '北京市西城区XX街12号', 4300.00, 46.00, 1, 1, 8, 20, '南', '["空调","WiFi"]', '["https://example.com/bj-xc-1.jpg"]', '生活配套成熟', 0, 1, '2024-01-05 10:05:00'),
(1003, 2, '北京朝阳·阳光两居', 110105, '北京市朝阳区建国路88号', 5600.00, 72.00, 2, 1, 12, 26, '南北', '["空调","WiFi","冰箱"]', '["https://example.com/bj-cy-1.jpg"]', 'CBD商圈，交通便捷', 0, 1, '2024-01-05 10:10:00'),
(1004, 2, '北京丰台·舒适一居', 110106, '北京市丰台区XX小区5号楼', 3900.00, 48.00, 1, 1, 5, 18, '南', '["空调","WiFi"]', '["https://example.com/bj-ft-1.jpg"]', '性价比高，小区环境好', 0, 1, '2024-01-05 10:15:00'),
(1005, 2, '北京海淀·学区两居', 110108, '北京市海淀区中关村大街100号', 7800.00, 85.00, 2, 1, 10, 24, '南', '["空调","WiFi","洗衣机"]', '["https://example.com/bj-hd-1.jpg"]', '学区房，配套完善', 0, 1, '2024-01-05 10:20:00'),
(1006, 2, '北京门头沟·舒居一居', 110109, '北京市门头沟区新城路66号', 3200.00, 42.00, 1, 1, 6, 16, '南', '["空调","WiFi"]', '["https://example.com/bj-mtg-1.jpg"]', '安静适居', 0, 1, '2024-01-05 10:25:00'),
(1007, 2, '北京房山·实惠两居', 110111, '北京市房山区良乡南路9号', 3600.00, 68.00, 2, 1, 9, 18, '南北', '["空调","WiFi"]', '["https://example.com/bj-fs-1.jpg"]', '生活便利，交通便捷', 0, 1, '2024-01-05 10:30:00'),
(1008, 2, '北京通州·河景一居', 110112, '北京市通州区运河畔花园3期', 4100.00, 50.00, 1, 1, 11, 28, '南', '["空调","WiFi"]', '["https://example.com/bj-tz-1.jpg"]', '临近河畔，环境优美', 0, 1, '2024-01-05 10:35:00'),
(1009, 2, '北京顺义·舒适一居', 110113, '北京市顺义区石门路88号', 3600.00, 46.00, 1, 1, 7, 20, '南', '["空调","WiFi"]', '["https://example.com/bj-sy-1.jpg"]', '居住舒适，周边设施齐全', 0, 1, '2024-01-05 10:40:00'),
(1010, 2, '北京昌平·南北通透两居', 110114, '北京市昌平区回龙观西大街1号', 4200.00, 70.00, 2, 1, 12, 26, '南北', '["空调","WiFi","电视"]', '["https://example.com/bj-cp-1.jpg"]', '通透采光好', 0, 1, '2024-01-05 10:45:00'),
(1011, 2, '北京大兴·精装一居', 110115, '北京市大兴区亦庄开发区', 4000.00, 48.00, 1, 1, 9, 22, '南', '["空调","WiFi"]', '["https://example.com/bj-dx-1.jpg"]', '产业园区配套完善', 0, 1, '2024-01-05 10:50:00'),
(1012, 2, '北京怀柔·花园两居', 110116, '北京市怀柔区城南街道', 3500.00, 65.00, 2, 1, 6, 12, '南', '["空调","WiFi"]', '["https://example.com/bj-hr-1.jpg"]', '环境优美', 0, 1, '2024-01-05 10:55:00'),
(1013, 2, '北京平谷·舒居一居', 110117, '北京市平谷区金海湖畔', 3200.00, 45.00, 1, 1, 5, 10, '南', '["空调","WiFi"]', '["https://example.com/bj-pg-1.jpg"]', '休闲生活', 0, 1, '2024-01-05 11:00:00'),
-- 上海市各区
(1014, 2, '上海黄浦·精装一居', 310101, '上海市黄浦区淮海中路100号', 5200.00, 46.00, 1, 1, 10, 23, '南', '["空调","WiFi"]', '["https://example.com/sh-hp-1.jpg"]', '市中心成熟商圈', 0, 1, '2024-01-06 09:00:00'),
(1015, 2, '上海徐汇·阳光一居', 310104, '上海市徐汇区漕溪北路88号', 4800.00, 45.00, 1, 1, 8, 20, '南', '["空调","WiFi"]', '["https://example.com/sh-xh-1.jpg"]', '交通便利', 0, 1, '2024-01-06 09:05:00'),
(1016, 2, '上海长宁·舒适两居', 310105, '上海市长宁区天山路200号', 6000.00, 70.00, 2, 1, 12, 26, '南北', '["空调","WiFi"]', '["https://example.com/sh-cn-1.jpg"]', '生活配套完善', 0, 1, '2024-01-06 09:10:00'),
(1017, 2, '上海静安·高层一居', 310106, '上海市静安区南京西路', 5600.00, 48.00, 1, 1, 15, 30, '南', '["空调","WiFi"]', '["https://example.com/sh-ja-1.jpg"]', '高层景观', 0, 1, '2024-01-06 09:15:00'),
(1018, 2, '上海普陀·舒适一居', 310107, '上海市普陀区真北路', 4500.00, 46.00, 1, 1, 9, 22, '南', '["空调","WiFi"]', '["https://example.com/sh-pt-1.jpg"]', '环境安静', 0, 1, '2024-01-06 09:20:00'),
(1019, 2, '上海虹口·通勤一居', 310109, '上海市虹口区东江湾路', 4700.00, 45.00, 1, 1, 7, 20, '南', '["空调","WiFi"]', '["https://example.com/sh-hk-1.jpg"]', '通勤方便', 0, 1, '2024-01-06 09:25:00'),
(1020, 2, '上海杨浦·实惠一居', 310110, '上海市杨浦区国权路', 4300.00, 44.00, 1, 1, 6, 18, '南', '["空调","WiFi"]', '["https://example.com/sh-yp-1.jpg"]', '高校周边', 0, 1, '2024-01-06 09:30:00'),
(1021, 2, '上海闵行·通透两居', 310112, '上海市闵行区莘庄', 5200.00, 68.00, 2, 1, 11, 24, '南北', '["空调","WiFi"]', '["https://example.com/sh-mh-1.jpg"]', '生活便利', 0, 1, '2024-01-06 09:35:00'),
(1022, 2, '上海宝山·舒适一居', 310113, '上海市宝山区淞南路', 4200.00, 46.00, 1, 1, 8, 20, '南', '["空调","WiFi"]', '["https://example.com/sh-bs-1.jpg"]', '成熟社区', 0, 1, '2024-01-06 09:40:00'),
(1023, 2, '上海嘉定·通勤两居', 310114, '上海市嘉定区南翔', 4400.00, 70.00, 2, 1, 10, 22, '南北', '["空调","WiFi"]', '["https://example.com/sh-jd-1.jpg"]', '近轨交', 0, 1, '2024-01-06 09:45:00'),
(1024, 2, '上海浦东·品质两居', 310115, '上海市浦东新区张江高科', 7000.00, 78.00, 2, 1, 14, 32, '南', '["空调","WiFi","电视"]', '["https://example.com/sh-pd-1.jpg"]', '高新园区配套完善', 0, 1, '2024-01-06 09:50:00'),
(1025, 2, '上海金山·舒居一居', 310116, '上海市金山区朱泾镇', 3200.00, 45.00, 1, 1, 5, 10, '南', '["空调","WiFi"]', '["https://example.com/sh-js-1.jpg"]', '安静宜居', 0, 1, '2024-01-06 09:55:00'),
(1026, 2, '上海松江·花园两居', 310117, '上海市松江区九亭镇', 4300.00, 70.00, 2, 1, 9, 20, '南北', '["空调","WiFi"]', '["https://example.com/sh-sj-1.jpg"]', '环境优美', 0, 1, '2024-01-06 10:00:00'),
(1027, 2, '上海青浦·江景一居', 310118, '上海市青浦区朱家角', 3600.00, 48.00, 1, 1, 6, 16, '南', '["空调","WiFi"]', '["https://example.com/sh-qp-1.jpg"]', '水乡风情', 0, 1, '2024-01-06 10:05:00'),
(1028, 2, '上海奉贤·舒适一居', 310120, '上海市奉贤区南桥镇', 3400.00, 46.00, 1, 1, 7, 18, '南', '["空调","WiFi"]', '["https://example.com/sh-fx-1.jpg"]', '社区配套好', 0, 1, '2024-01-06 10:10:00'),
(1029, 2, '上海崇明·自然两居', 310151, '上海市崇明区陈家镇', 3300.00, 65.00, 2, 1, 5, 12, '南', '["空调","WiFi"]', '["https://example.com/sh-cm-1.jpg"]', '生态环境优越', 0, 1, '2024-01-06 10:15:00'),
-- 广州市各区
(1030, 2, '广州荔湾·舒适一居', 440103, '广州市荔湾区上下九', 3800.00, 45.00, 1, 1, 7, 18, '南', '["空调","WiFi"]', '["https://example.com/gz-lw-1.jpg"]', '老城区商业便捷', 0, 1, '2024-01-07 09:00:00'),
(1031, 2, '广州越秀·地铁一居', 440104, '广州市越秀区中山一路', 4200.00, 46.00, 1, 1, 8, 20, '南', '["空调","WiFi"]', '["https://example.com/gz-yx-1.jpg"]', '地铁口物业', 0, 1, '2024-01-07 09:05:00'),
(1032, 2, '广州海珠·江景一居', 440105, '广州市海珠区珠江新城南岸', 4500.00, 48.00, 1, 1, 12, 28, '南', '["空调","WiFi"]', '["https://example.com/gz-hz-1.jpg"]', '江景视野开阔', 0, 1, '2024-01-07 09:10:00'),
(1033, 2, '广州天河·商务两居', 440106, '广州市天河区体育西路', 5800.00, 72.00, 2, 1, 15, 33, '南', '["空调","WiFi"]', '["https://example.com/gz-th-1.jpg"]', '商务配套完善', 0, 1, '2024-01-07 09:15:00'),
(1034, 2, '广州白云·舒适一居', 440111, '广州市白云区同和', 3600.00, 46.00, 1, 1, 9, 22, '南', '["空调","WiFi"]', '["https://example.com/gz-by-1.jpg"]', '社区成熟', 0, 1, '2024-01-07 09:20:00'),
(1035, 2, '广州黄埔·产业一居', 440112, '广州市黄埔区科学城', 4200.00, 48.00, 1, 1, 12, 28, '南', '["空调","WiFi"]', '["https://example.com/gz-hp-1.jpg"]', '产业园区周边', 0, 1, '2024-01-07 09:25:00'),
(1036, 2, '广州番禺·舒居两居', 440113, '广州市番禺区市桥', 3900.00, 70.00, 2, 1, 10, 22, '南北', '["空调","WiFi"]', '["https://example.com/gz-py-1.jpg"]', '生活便利', 0, 1, '2024-01-07 09:30:00'),
(1037, 2, '广州花都·性价比两居', 440114, '广州市花都区新华', 3500.00, 68.00, 2, 1, 8, 20, '南北', '["空调","WiFi"]', '["https://example.com/gz-hd-1.jpg"]', '性价比高', 0, 1, '2024-01-07 09:35:00'),
(1038, 2, '广州南沙·港湾一居', 440115, '广州市南沙区蕉门河', 4200.00, 48.00, 1, 1, 11, 24, '南', '["空调","WiFi"]', '["https://example.com/gz-ns-1.jpg"]', '港湾景观', 0, 1, '2024-01-07 09:40:00'),
(1039, 2, '广州从化·休闲一居', 440117, '广州市从化区温泉镇', 3200.00, 45.00, 1, 1, 5, 12, '南', '["空调","WiFi"]', '["https://example.com/gz-ch-1.jpg"]', '度假氛围', 0, 1, '2024-01-07 09:45:00'),
(1040, 2, '广州增城·舒适两居', 440118, '广州市增城区新塘', 3600.00, 70.00, 2, 1, 7, 18, '南北', '["空调","WiFi"]', '["https://example.com/gz-zc-1.jpg"]', '通勤友好', 0, 1, '2024-01-07 09:50:00'),
-- 深圳市各区
(1041, 2, '深圳罗湖·口岸一居', 440303, '深圳市罗湖区人民南路', 5200.00, 46.00, 1, 1, 12, 28, '南', '["空调","WiFi"]', '["https://example.com/sz-lh-1.jpg"]', '口岸旁，通勤便捷', 0, 1, '2024-01-08 09:00:00'),
(1042, 2, '深圳福田·CBD两居', 440304, '深圳市福田区福田CBD', 7800.00, 75.00, 2, 1, 20, 40, '南', '["空调","WiFi"]', '["https://example.com/sz-ft-1.jpg"]', 'CBD核心商圈', 0, 1, '2024-01-08 09:05:00'),
(1043, 2, '深圳南山·科技两居', 440305, '深圳市南山区科技园', 8200.00, 78.00, 2, 1, 18, 36, '南', '["空调","WiFi"]', '["https://example.com/sz-ns-1.jpg"]', '高新园区', 0, 1, '2024-01-08 09:10:00'),
(1044, 2, '深圳宝安·品质两居', 440306, '深圳市宝安区新安街道', 5600.00, 72.00, 2, 1, 15, 33, '南北', '["空调","WiFi"]', '["https://example.com/sz-ba-1.jpg"]', '品质社区', 0, 1, '2024-01-08 09:15:00'),
(1045, 2, '深圳龙岗·通勤两居', 440307, '深圳市龙岗区中心城', 4800.00, 70.00, 2, 1, 12, 26, '南北', '["空调","WiFi"]', '["https://example.com/sz-lg-1.jpg"]', '交通便利', 0, 1, '2024-01-08 09:20:00'),
(1046, 2, '深圳盐田·海景一居', 440308, '深圳市盐田区海景大道', 5000.00, 48.00, 1, 1, 10, 22, '南', '["空调","WiFi"]', '["https://example.com/sz-yt-1.jpg"]', '海景优美', 0, 1, '2024-01-08 09:25:00'),
(1047, 2, '深圳龙华·新城两居', 440309, '深圳市龙华区龙华街道', 5200.00, 70.00, 2, 1, 14, 30, '南北', '["空调","WiFi"]', '["https://example.com/sz-lh2-1.jpg"]', '新城宜居', 0, 1, '2024-01-08 09:30:00'),
(1048, 2, '深圳坪山·园区一居', 440310, '深圳市坪山区创新广场', 4200.00, 46.00, 1, 1, 8, 20, '南', '["空调","WiFi"]', '["https://example.com/sz-ps-1.jpg"]', '园区配套', 0, 1, '2024-01-08 09:35:00'),
(1049, 2, '深圳光明·生态一居', 440311, '深圳市光明区光明大道', 4300.00, 46.00, 1, 1, 7, 18, '南', '["空调","WiFi"]', '["https://example.com/sz-gm-1.jpg"]', '生态新城', 0, 1, '2024-01-08 09:40:00'),
-- 杭州市各区
(1050, 2, '杭州上城·品质一居', 330102, '杭州市上城区延安路', 4500.00, 46.00, 1, 1, 10, 22, '南', '["空调","WiFi"]', '["https://example.com/hz-sc-1.jpg"]', '市中心生活便利', 0, 1, '2024-01-09 09:00:00'),
(1051, 2, '杭州拱墅·舒适两居', 330105, '杭州市拱墅区大关路', 4300.00, 68.00, 2, 1, 12, 26, '南北', '["空调","WiFi"]', '["https://example.com/hz-gs-1.jpg"]', '社区成熟', 0, 1, '2024-01-09 09:05:00'),
(1052, 2, '杭州西湖·景区一居', 330106, '杭州市西湖区北山路', 5200.00, 48.00, 1, 1, 8, 20, '南', '["空调","WiFi"]', '["https://example.com/hz-xh-1.jpg"]', '近景区，环境优美', 0, 1, '2024-01-09 09:10:00'),
(1053, 2, '杭州滨江·品质两居', 330108, '杭州市滨江区科技园', 5600.00, 72.00, 2, 1, 18, 36, '南', '["空调","WiFi"]', '["https://example.com/hz-bj-1.jpg"]', '产业园配套', 0, 1, '2024-01-09 09:15:00'),
(1054, 2, '杭州萧山·舒适两居', 330109, '杭州市萧山区萧山经济开发区', 4200.00, 70.00, 2, 1, 12, 26, '南北', '["空调","WiFi"]', '["https://example.com/hz-xs-1.jpg"]', '交通便利', 0, 1, '2024-01-09 09:20:00'),
(1055, 2, '杭州余杭·花园两居', 330110, '杭州市余杭区未来科技城', 4800.00, 75.00, 2, 1, 15, 33, '南', '["空调","WiFi"]', '["https://example.com/hz-yh-1.jpg"]', '新城配套完善', 0, 1, '2024-01-09 09:25:00'),
(1056, 2, '杭州富阳·江景一居', 330111, '杭州市富阳区江滨路', 3800.00, 46.00, 1, 1, 6, 16, '南', '["空调","WiFi"]', '["https://example.com/hz-fy-1.jpg"]', '宜居环境', 0, 1, '2024-01-09 09:30:00'),
(1057, 2, '杭州临安·森林一居', 330112, '杭州市临安区青山湖', 3600.00, 45.00, 1, 1, 5, 12, '南', '["空调","WiFi"]', '["https://example.com/hz-la-1.jpg"]', '生态良好', 0, 1, '2024-01-09 09:35:00'),
-- 成都市各区
(1058, 2, '成都锦江·舒适一居', 510104, '成都市锦江区春熙路', 4000.00, 46.00, 1, 1, 10, 22, '南', '["空调","WiFi"]', '["https://example.com/cd-jj-1.jpg"]', '商圈近邻', 0, 1, '2024-01-10 09:00:00'),
(1059, 2, '成都青羊·阳光一居', 510105, '成都市青羊区太升南路', 3900.00, 45.00, 1, 1, 8, 20, '南', '["空调","WiFi"]', '["https://example.com/cd-qy-1.jpg"]', '交通便捷', 0, 1, '2024-01-10 09:05:00'),
(1060, 2, '成都金牛·舒适两居', 510106, '成都市金牛区抚琴街', 4200.00, 68.00, 2, 1, 12, 26, '南北', '["空调","WiFi"]', '["https://example.com/cd-jn-1.jpg"]', '生活便利', 0, 1, '2024-01-10 09:10:00'),
(1061, 2, '成都武侯·品质两居', 510107, '成都市武侯区科华北路', 5200.00, 72.00, 2, 1, 15, 33, '南', '["空调","WiFi"]', '["https://example.com/cd-wh-1.jpg"]', '高校周边', 0, 1, '2024-01-10 09:15:00'),
(1062, 2, '成都成华·地铁一居', 510108, '成都市成华区建设路', 3800.00, 46.00, 1, 1, 9, 22, '南', '["空调","WiFi"]', '["https://example.com/cd-ch-1.jpg"]', '地铁口物业', 0, 1, '2024-01-10 09:20:00'),
(1063, 2, '成都龙泉驿·舒适两居', 510112, '成都市龙泉驿区大面街道', 3600.00, 70.00, 2, 1, 8, 20, '南北', '["空调","WiFi"]', '["https://example.com/cd-lqy-1.jpg"]', '新城宜居', 0, 1, '2024-01-10 09:25:00'),
-- 武汉市各区
(1064, 2, '武汉江岸·临江一居', 420102, '武汉市江岸区沿江大道', 3900.00, 46.00, 1, 1, 10, 22, '南', '["空调","WiFi"]', '["https://example.com/wh-ja-1.jpg"]', '临江景观', 0, 1, '2024-01-11 09:00:00'),
(1065, 2, '武汉江汉·商务一居', 420103, '武汉市江汉区汉口核心区', 4200.00, 46.00, 1, 1, 12, 26, '南', '["空调","WiFi"]', '["https://example.com/wh-jh-1.jpg"]', '商务配套完善', 0, 1, '2024-01-11 09:05:00'),
(1066, 2, '武汉硚口·地铁一居', 420104, '武汉市硚口区古田路', 3600.00, 45.00, 1, 1, 8, 20, '南', '["空调","WiFi"]', '["https://example.com/wh-qk-1.jpg"]', '通勤友好', 0, 1, '2024-01-11 09:10:00'),
(1067, 2, '武汉汉阳·舒适两居', 420105, '武汉市汉阳区王家湾', 4200.00, 70.00, 2, 1, 12, 26, '南北', '["空调","WiFi"]', '["https://example.com/wh-hy-1.jpg"]', '生活便利', 0, 1, '2024-01-11 09:15:00'),
(1068, 2, '武汉武昌·学区一居', 420106, '武汉市武昌区中北路', 4600.00, 48.00, 1, 1, 15, 33, '南', '["空调","WiFi"]', '["https://example.com/wh-wc-1.jpg"]', '学区配套', 0, 1, '2024-01-11 09:20:00'),
(1069, 2, '武汉青山·舒适一居', 420107, '武汉市青山区和平大道', 3500.00, 46.00, 1, 1, 7, 18, '南', '["空调","WiFi"]', '["https://example.com/wh-qs-1.jpg"]', '生活便利', 0, 1, '2024-01-11 09:25:00'),
(1070, 2, '武汉洪山·品质两居', 420111, '武汉市洪山区光谷', 5000.00, 72.00, 2, 1, 18, 36, '南', '["空调","WiFi"]', '["https://example.com/wh-hs-1.jpg"]', '高新园区配套', 0, 1, '2024-01-11 09:30:00');

-- 全国范围自动生成房源：为所有区/县(Level 3)各插入1套示例房源
INSERT INTO house_info (landlord_id, title, region_id, address, price, area, room_num, hall_num, floor_no, total_floor, direction, feature_tags, images, description, rent_status, audit_status, create_time)
SELECT
  2 AS landlord_id,
  CONCAT(r.name, '·示例房源') AS title,
  r.id AS region_id,
  CONCAT(r.name, '中心路1号') AS address,
  (2000 + (r.id % 3000)) AS price,
  (40 + (r.id % 60)) AS area,
  CASE WHEN (r.id % 3) = 0 THEN 1 WHEN (r.id % 3) = 1 THEN 2 ELSE 3 END AS room_num,
  CASE WHEN (r.id % 2) = 0 THEN 1 ELSE 2 END AS hall_num,
  (1 + (r.id % 20)) AS floor_no,
  (10 + (r.id % 20)) AS total_floor,
  '南' AS direction,
  '["空调","WiFi"]' AS feature_tags,
  '["https://example.com/auto.jpg"]' AS images,
  CONCAT(r.name, '示例自动生成房源') AS description,
  0 AS rent_status,
  1 AS audit_status,
  NOW() AS create_time
FROM sys_region r
WHERE r.level_type = 3;

-- 全国范围自动生成房源：为所有城市(Level 2)各插入1套示例房源
INSERT INTO house_info (landlord_id, title, region_id, address, price, area, room_num, hall_num, floor_no, total_floor, direction, feature_tags, images, description, rent_status, audit_status, create_time)
SELECT
  2 AS landlord_id,
  CONCAT(r.name, '·示例房源') AS title,
  r.id AS region_id,
  CONCAT(r.name, '人民路100号') AS address,
  (2500 + (r.id % 3000)) AS price,
  (55 + (r.id % 60)) AS area,
  CASE WHEN (r.id % 3) = 0 THEN 1 WHEN (r.id % 3) = 1 THEN 2 ELSE 3 END AS room_num,
  CASE WHEN (r.id % 2) = 0 THEN 1 ELSE 2 END AS hall_num,
  (3 + (r.id % 20)) AS floor_no,
  (20 + (r.id % 20)) AS total_floor,
  '南' AS direction,
  '["空调","WiFi","电视"]' AS feature_tags,
  '["https://example.com/auto-city.jpg"]' AS images,
  CONCAT(r.name, '城市级示例房源') AS description,
  0 AS rent_status,
  1 AS audit_status,
  NOW() AS create_time
FROM sys_region r
WHERE r.level_type = 2;

-- 全国范围自动生成房源：为所有省级(Level 1)各插入1套示例房源
INSERT INTO house_info (landlord_id, title, region_id, address, price, area, room_num, hall_num, floor_no, total_floor, direction, feature_tags, images, description, rent_status, audit_status, create_time)
SELECT
  2 AS landlord_id,
  CONCAT(r.name, '·示例房源') AS title,
  r.id AS region_id,
  CONCAT(r.name, '省府大道1号') AS address,
  (3000 + (r.id % 3000)) AS price,
  (65 + (r.id % 60)) AS area,
  3 AS room_num,
  2 AS hall_num,
  (6 + (r.id % 20)) AS floor_no,
  (30 + (r.id % 20)) AS total_floor,
  '南' AS direction,
  '["空调","WiFi","洗衣机","冰箱"]' AS feature_tags,
  '["https://example.com/auto-province.jpg"]' AS images,
  CONCAT(r.name, '省级示例房源') AS description,
  0 AS rent_status,
  1 AS audit_status,
  NOW() AS create_time
FROM sys_region r
WHERE r.level_type = 1;
